n,algoritmo,t_mean,t_stdev,t_Q0,t_Q1,t_Q2,t_Q3,t_Q4
1024,stl_lower,103.132,26.6779,85.001,87.1158,96.7235,102.642,216.481
2048,stl_lower,107.699,22.1035,95.371,96.9087,98.212,105.588,188.878
4096,stl_lower,111.937,12.0419,105.189,106.69,107.409,108.619,159.112
8192,stl_lower,187.785,35.9165,120.309,162.481,190.016,196.691,273.78
16384,stl_lower,147.666,24.3125,134.626,136.565,137.856,144.254,255.294
32768,stl_lower,188.546,33.4458,157.609,161.244,182.321,198.056,299.919
65536,stl_lower,313.325,72.4306,226.17,275.465,298.381,334.049,596.061
131072,stl_lower,262.739,83.1978,205.541,209.959,233.689,289.833,643.561
262144,stl_lower,285.071,55.6559,240.657,243.933,260.916,312.673,487.715
524288,stl_lower,334.163,50.9759,273.639,300.466,323.484,357.461,451.006
1048576,stl_lower,420.85,80.9296,325.649,362.027,403.356,452.81,660.083
2097152,stl_lower,588.325,144.696,414.787,467.64,549.473,683.597,1022.38
4194304,stl_lower,756.509,171.714,576.905,647.524,681.092,835.584,1158.21
8388608,stl_lower,926.065,156.614,727.121,811.635,864.581,1019.94,1284.04
16777216,stl_lower,1077.75,175.005,898.545,964.078,1026.08,1115,1686.96
