n,heap,operacion,unit,runs,t_mean,t_stdev,t_Q0,t_Q1,t_Q2,t_Q3,t_Q4
1024,binary,meld,ns/meld,32,17439.6,4486.07,13783.2,14496,15099.4,18952.2,30303.5
1024,binomial,meld,ns/meld,32,536.805,226.388,348.625,392.301,431.672,655.223,1404.39
2048,binary,meld,ns/meld,32,31063.9,1595.68,28680.7,30048.4,30975.7,31596.4,35591.3
2048,binomial,meld,ns/meld,32,650.485,181.789,488.125,565.383,600.844,630.258,1235.47
4096,binary,meld,ns/meld,32,67850.2,15779,61233.1,63328.3,64244.1,66770.2,152648
4096,binomial,meld,ns/meld,32,883.104,404.65,613,704.812,763.938,848.812,2865.44
8192,binary,meld,ns/meld,32,147866,16871.3,135376,139432,141415,151351,213350
8192,binomial,meld,ns/meld,32,1228.64,774.376,707.5,827.781,956.812,1254.56,4488.5
16384,binary,meld,ns/meld,32,348080,90413.7,293159,304061,315841,369304,783372
16384,binomial,meld,ns/meld,32,1141.52,270.667,593.5,983,1118.25,1305.06,1690.75
32768,binary,meld,ns/meld,32,656524,68663.4,609516,618005,630489,660877,892138
32768,binomial,meld,ns/meld,32,1166.58,401.494,826.5,971.5,1074.5,1177.5,2860
65536,binary,meld,ns/meld,32,1.31442e+06,146814,1.19992e+06,1.23216e+06,1.26072e+06,1.31847e+06,1.80849e+06
65536,binomial,meld,ns/meld,32,1094.25,261.833,621,902,1057,1309.75,1673
131072,binary,meld,ns/meld,32,2.71875e+06,297518,2.48492e+06,2.56526e+06,2.61436e+06,2.71033e+06,3.94909e+06
131072,binomial,meld,ns/meld,32,1443.62,728.539,621,1002,1222.5,1646.25,3697
262144,binary,meld,ns/meld,32,5.82166e+06,979847,5.12116e+06,5.2656e+06,5.40462e+06,5.5929e+06,8.51971e+06
262144,binomial,meld,ns/meld,32,1525.12,440.61,812,1225.25,1443,1818.25,2885
524288,binary,meld,ns/meld,32,1.17102e+07,1.88679e+06,1.05075e+07,1.07862e+07,1.09781e+07,1.16273e+07,1.81215e+07
524288,binomial,meld,ns/meld,32,1403.53,323.084,741,1134.5,1432.5,1661.25,1984
1.04858e+06,binary,meld,ns/meld,32,2.36757e+07,2.93933e+06,2.19023e+07,2.22521e+07,2.26154e+07,2.38192e+07,3.5158e+07
1.04858e+06,binomial,meld,ns/meld,32,1558.53,370.614,931,1269.5,1562.5,1748,2325
