posicion,algoritmo,t_mean,t_stdev,t_Q0,t_Q1,t_Q2,t_Q3,t_Q4
0,sec,9.00257,10.923,4.628,4.649,8.887,9.858,113.074
1,sec,6.89003,2.40919,5.14,5.15,5.27,9.533,11.702
3,sec,12.8337,6.61017,6.171,11.0227,13.535,14.3595,73.479
5,sec,14.8101,5.88795,7.193,13.0415,15.334,16.3937,70.294
10,sec,21.5874,9.35526,9.748,19.908,21.992,23.7675,114.147
17,sec,24.4422,11.4454,14.858,14.989,20.0785,33.523,88.297
28,sec,42.2223,51.6052,20.479,23.502,42.0345,46.874,738.07
47,sec,57.0356,36.0372,30.197,30.338,61.362,69.482,409.062
77,sec,81.274,39.5519,54.744,54.864,55.756,102.307,302.945
126,sec,124.546,40.7267,79.911,88.944,109.688,162.49,323.935
205,sec,150.726,56.0058,120.198,120.299,120.319,154.423,462.167
334,sec,235.345,80.0909,186.223,186.244,215.69,244.181,911.571
544,sec,522.755,335.238,293.577,293.607,384.936,662.712,3470.91
884,sec,764.752,310.736,467.377,495.135,666.07,987.997,2377.89
1437,sec,895.785,261.028,750.044,766.082,790.59,881.501,1917.59
2334,sec,1396.36,246.243,1208.57,1253.97,1295.13,1436.9,2804.54
3791,sec,2334.96,590.874,1976.59,2031.01,2118.75,2414.63,7308.17
6157,sec,3533.99,371.408,3206.27,3299.57,3394.35,3675.12,5639.04
9999,sec,5887.28,1077.05,5218.25,5319.67,5505.56,5936.9,11633.3
10099,sec,5607.31,367.307,5254.84,5336.39,5429.34,5807.15,6873.03
59594,sec,33863.7,4198.41,31495.4,32160,32663.1,33472.2,63757.2
109089,sec,61396.8,5853.05,58398.8,59149.1,59741.5,61186.6,106257
158584,sec,87498,5400.76,85112.5,85983.6,86468.2,87641.2,146060
208079,sec,114363,2705.35,111714,112835,113477,115390,139946
257574,sec,143370,4459.29,138869,140311,141221,146250,171655
307069,sec,158823,32134.2,79188.5,165447,167903,172834,235725
356564,sec,203838,11157.9,192004,198176,200458,204747,273188
406059,sec,229110,9075.03,218730,225225,227435,229934,301207
455554,sec,255745,12668.4,243160,248887,251815,256962,354684
505049,sec,283103,16426.5,268746,272749,278452,285833,375426
554544,sec,315549,16111.6,299861,309148,311339,315923,413797
604039,sec,332733,7466.11,325968,329024,330873,334508,389777
653534,sec,367705,45673.6,353181,356128,359561,366528,973134
703029,sec,398418,22088.8,379126,385176,391745,400245,527485
752524,sec,425871,11820.9,412666,418592,422702,429540,492509
802019,sec,451571,27615.5,216559,445692,450999,457041,558918
851514,sec,507566,35770.3,468412,485419,492238,515458,684064
901009,sec,511002,19088.1,493014,501569,506080,512067,655666
950504,sec,544865,42099.2,514808,529149,535494,543620,1.02104e+06
999999,sec,594558,40755.1,531072,567434,581887,614816,793872
