exp,tree,variant,x,runs,t_mean,t_stdev,t_Q0,t_Q1,t_Q2,t_Q3,t_Q4
skew,avl,zipf:cold,1e+06,32,645.156,52.1534,419.484,625.166,649.451,673.203,725.105
skew,avl,zipf:hot,1e+06,32,426.34,42.8279,241.646,411.694,426.427,447.906,506.038
skew,rb,zipf:cold,1e+06,32,1069.43,65.0712,835.952,1050.8,1070.47,1091.62,1275.22
skew,rb,zipf:hot,1e+06,32,633.506,38.4335,511.355,616.55,636.622,646.24,769.595
skew,splay,zipf:cold,1e+06,32,1701.95,137.046,1280.22,1652.93,1704.86,1747.6,2136.95
skew,splay,zipf:hot,1e+06,32,735.956,63.9126,471.176,720.13,731.695,758.107,863.077
skew,avl,geometric:cold,1e+06,32,690.731,25.4672,645.819,670.65,690.716,703.175,753.884
skew,avl,geometric:hot,1e+06,32,318.665,8.18528,309.24,313.707,315.934,321.308,340.495
skew,rb,geometric:cold,1e+06,32,1120.98,118.836,1031.66,1071.98,1097.65,1123.49,1720.75
skew,rb,geometric:hot,1e+06,32,511.276,22.4311,490.977,499.943,507.213,514.499,615.03
skew,splay,geometric:cold,1e+06,32,1918,344.053,1673.89,1794.58,1847.55,1906.74,3687.97
skew,splay,geometric:hot,1e+06,32,275.125,56.6449,258.622,261.363,264.572,267.255,583.995
skew,avl,poisson:cold,1e+06,32,695.487,79.336,558.507,627.56,698.913,738.521,884.597
skew,avl,poisson:hot,1e+06,32,122.004,3.32541,114.366,120.125,122.762,123.86,128.18
skew,rb,poisson:cold,1e+06,32,1169.57,119.206,953.673,1087.65,1156.77,1256.02,1423.4
skew,rb,poisson:hot,1e+06,32,108.988,8.0005,101.389,104.677,106.342,110.538,136.586
skew,splay,poisson:cold,1e+06,32,1856.26,213.637,1509.12,1687.94,1822.58,2030.77,2321.96
skew,splay,poisson:hot,1e+06,32,92.861,1.28354,91.0368,91.865,92.579,93.2139,95.8292
skew,avl,binomial:cold,1e+06,32,733.228,129.274,663.503,694.322,707.918,733.182,1424.21
skew,avl,binomial:hot,1e+06,32,117.269,11.4706,108.635,112.581,114.309,117.916,169.876
skew,rb,binomial:cold,1e+06,32,1173.27,90.2785,1065.18,1122.69,1150.69,1192.28,1549.13
skew,rb,binomial:hot,1e+06,32,95.1588,6.15897,90.8944,92.0754,93.5422,95.3613,124.703
skew,splay,binomial:cold,1e+06,32,2006.5,336.024,1803.49,1855.88,1877.42,2025.3,3658.08
skew,splay,binomial:hot,1e+06,32,84.7246,10.1938,81.6127,82.2078,82.7035,83.7171,140.335
skew,avl,negbinomial:cold,1e+06,32,728.689,23.8098,690.378,711.041,725.791,736.721,782.77
skew,avl,negbinomial:hot,1e+06,32,291.146,6.77526,279.329,286.916,291.8,293.673,316.674
skew,rb,negbinomial:cold,1e+06,32,1178.39,94.4179,1098.22,1140.6,1155.22,1179.38,1653.43
skew,rb,negbinomial:hot,1e+06,32,418.697,71.3533,393.444,401.67,405.954,411.242,807.606
skew,splay,negbinomial:cold,1e+06,32,1972.55,120.657,1808.23,1899.96,1937.01,2020.05,2390.76
skew,splay,negbinomial:hot,1e+06,32,189.632,4.57732,183.354,186.635,187.812,191.187,199.206
